{"train/loss": 0.3864, "train/grad_norm": 1.6940831094992939, "train/learning_rate": 0.0, "train/epoch": 1.0, "train/global_step": 10000, "_timestamp": 1710337325.140763, "_runtime": 30282.912301063538, "_step": 400, "train/train_runtime": 30096.3585, "train/train_samples_per_second": 0.665, "train/train_steps_per_second": 0.332, "train/total_flos": 43031407362048.0, "train/train_loss": 0.8632523166656494, "_wandb": {"runtime": 30289}}