{"train/loss": 0.9137, "train/grad_norm": 0.7492235335916547, "train/learning_rate": 0.0, "train/epoch": 1.0, "train/global_step": 20000, "_timestamp": 1712225651.3989344, "_runtime": 59146.76584935188, "_step": 800, "train/train_runtime": 59073.1001, "train/train_samples_per_second": 0.677, "train/train_steps_per_second": 0.339, "train/total_flos": 130859013242880.0, "train/train_loss": 0.9782574872016907, "_wandb": {"runtime": 59151}}