{"train/loss": 0.7656, "train/grad_norm": 0.5079392112643545, "train/learning_rate": 0.0, "train/epoch": 1.0, "train/global_step": 10000, "_timestamp": 1710337635.0877101, "_runtime": 30908.008047103882, "_step": 400, "train/train_runtime": 30763.6234, "train/train_samples_per_second": 0.65, "train/train_steps_per_second": 0.325, "train/total_flos": 65427870842880.0, "train/train_loss": 0.8955225730895996, "_wandb": {"runtime": 30913}}